Phase,Status,Evidence,Completion %,Remaining Work
P5-P1,COMPLETE,docs/power_bi_data_architecture.md & 56_phase_5_part_1_completion_report.md,100%,None
P5-P2,COMPLETE,docs/power_bi_metric_contract.md & 57_phase_5_part_2_completion_report.md,100%,None
P5-P3,COMPLETE,docs/power_bi_ui_design_system.md & 58_phase_5_part_3_completion_report.md,100%,None
P5-P4,COMPLETE,docs/power_bi_command_center.md & dashboard/src/components/pages/CommandCenter.jsx,100%,None
P5-P5,COMPLETE,docs/power_bi_student_placement_analytics.md & dashboard/src/components/pages/StudentAnalytics.jsx,100%,None
P5-P6,COMPLETE,docs/power_bi_company_package_intelligence.md & dashboard/src/components/pages/CompanyIntelligence.jsx,100%,None
P5-P7,COMPLETE,docs/power_bi_reports_intelligence.md & dashboard/src/components/pages/ReportsIntelligence.jsx,100%,None
P5-P8,COMPLETE,docs/power_bi_interactivity_navigation_ux.md & dashboard/src/App.jsx,100%,None
P5-P9,COMPLETE,scripts/validate_phase5_dashboard.py & outputs/powerbi/46-59 & 64_phase_5_completion_report.md,100%,None
