Feature,Status,Notes
KPI System,COMPLETE,Total (1500) Placed (950) Rate (63.33%) Pkg (10.62) with NumberTicker
Sidebar Navigation,COMPLETE,Persistent left sidebar linking all 4 pages
Global Filters,COMPLETE,Branch Gender Placed slicers synchronized across pages
Reset Filters,COMPLETE,ShimmerButton CTA for clearing slicers
Branch Analytics,COMPLETE,6-branch placement rate bar chart (CE 68.57% to ME 55.83%)
Skill Spreads,COMPLETE,BentoGrid featuring top spreads (SQL +9.17 pp Python +6.94 pp Cloud +6.04 pp)
Preparation Quadrants,COMPLETE,4 quadrant segments (SEG-Q1 to SEG-Q4)
PRI Distribution,COMPLETE,4 readiness tiers (High Moderate Needs High Imp Priority)
Company Type Package,COMPLETE,Product (16.26L) Startup (12.09L) Service (5.90L) Other (5.02L)
Insight Repository,COMPLETE,12 Phase 4 insights with MagicMarquee scrolling ticker
Methodology & Limits,COMPLETE,Governance and analytical boundary panels
Responsive UX,COMPLETE,Dark glassmorphic layout (WCAG AA compliant)
Performance,COMPLETE,Render latency < 150 ms across page switches
