measure_name,measure_group,business_definition,dax_expression_reference,source_table,source_fields,population,filter_behavior,format,leakage_status,validation_status,intended_page
Total Students,01 — Population,Total count of unique students in cohort,DISTINCTCOUNT(Students[student_id]),Students,student_id,"Whole Population (N=1,500)",Dynamic under slicers,"#,##0",PREPARATION / DEMOGRAPHIC,VALIDATED,Command Center / Student Analytics / Reports
Placed Students,01 — Population,Total count of placed students,"CALCULATE(COUNTROWS(Students), Students[placed] = 1)",Students,placed,Placed Cohort (N=950),Dynamic under slicers,"#,##0",PLACEMENT OUTCOME (POST-ANALYSIS ONLY),VALIDATED,Command Center / Student Analytics / Reports
Unplaced Students,01 — Population,Total count of unplaced students,[Total Students] - [Placed Students],Students,placed,Unplaced Cohort (N=550),Dynamic under slicers,"#,##0",PLACEMENT OUTCOME (POST-ANALYSIS ONLY),VALIDATED,Command Center / Student Analytics / Reports
Placement Rate,01 — Population,Percentage of total students who are placed,"DIVIDE([Placed Students], [Total Students], 0)",Students,placed,Whole Population,Dynamic under slicers,0.00%,PLACEMENT OUTCOME (POST-ANALYSIS ONLY),VALIDATED,Command Center / Student Analytics / Reports
Average CGPA,02 — Academic,Mean Cumulative Grade Point Average,AVERAGE(Students[cgpa]),Students,cgpa,Whole Population,Dynamic under slicers,0.00,PREPARATION INPUT,VALIDATED,Student Analytics
Median CGPA,02 — Academic,Median Cumulative Grade Point Average,MEDIAN(Students[cgpa]),Students,cgpa,Whole Population,Dynamic under slicers,0.00,PREPARATION INPUT,VALIDATED,Student Analytics
Average Coding Score,03 — Preparation,Mean coding score,AVERAGE(Students[coding_score]),Students,coding_score,Whole Population,Dynamic under slicers,0.00,PREPARATION INPUT,VALIDATED,Student Analytics
Median Coding Score,03 — Preparation,Median coding score,MEDIAN(Students[coding_score]),Students,coding_score,Whole Population,Dynamic under slicers,0.00,PREPARATION INPUT,VALIDATED,Student Analytics
Average Aptitude Score,03 — Preparation,Mean aptitude score,AVERAGE(Students[aptitude_score]),Students,aptitude_score,Whole Population,Dynamic under slicers,0.00,PREPARATION INPUT,VALIDATED,Student Analytics
Median Aptitude Score,03 — Preparation,Median aptitude score,MEDIAN(Students[aptitude_score]),Students,aptitude_score,Whole Population,Dynamic under slicers,0.00,PREPARATION INPUT,VALIDATED,Student Analytics
Average Communication Score,03 — Preparation,Mean communication score,AVERAGE(Students[communication_score]),Students,communication_score,Whole Population,Dynamic under slicers,0.00,PREPARATION INPUT,VALIDATED,Student Analytics
Median Communication Score,03 — Preparation,Median communication score,MEDIAN(Students[communication_score]),Students,communication_score,Whole Population,Dynamic under slicers,0.00,PREPARATION INPUT,VALIDATED,Student Analytics
Average Projects,03 — Preparation,Mean technical projects completed,AVERAGE(Students[projects]),Students,projects,Whole Population,Dynamic under slicers,0.00,PREPARATION INPUT,VALIDATED,Student Analytics
Average Internships,03 — Preparation,Mean internships completed,AVERAGE(Students[internships]),Students,internships,Whole Population,Dynamic under slicers,0.00,PREPARATION INPUT,VALIDATED,Student Analytics
CGPA Difference Placed vs Unplaced,04 — Differences,Observed mean difference in cgpa between placed and unplaced cohorts,"CALCULATE(AVERAGE(Students[cgpa]), Students[placed] = 1) - CALCULATE(AVERAGE(Students[cgpa]), Students[placed] = 0)",Students,"cgpa, placed",Placed vs Unplaced Cohorts,Dynamic under slicers,0.00,OBSERVED EVALUATION (NON-CAUSAL),VALIDATED,Student Analytics
Coding Difference Placed vs Unplaced,04 — Differences,Observed mean difference in coding_score between placed and unplaced cohorts,"CALCULATE(AVERAGE(Students[coding_score]), Students[placed] = 1) - CALCULATE(AVERAGE(Students[coding_score]), Students[placed] = 0)",Students,"coding_score, placed",Placed vs Unplaced Cohorts,Dynamic under slicers,0.00,OBSERVED EVALUATION (NON-CAUSAL),VALIDATED,Student Analytics
Aptitude Difference Placed vs Unplaced,04 — Differences,Observed mean difference in aptitude_score between placed and unplaced cohorts,"CALCULATE(AVERAGE(Students[aptitude_score]), Students[placed] = 1) - CALCULATE(AVERAGE(Students[aptitude_score]), Students[placed] = 0)",Students,"aptitude_score, placed",Placed vs Unplaced Cohorts,Dynamic under slicers,0.00,OBSERVED EVALUATION (NON-CAUSAL),VALIDATED,Student Analytics
Communication Difference Placed vs Unplaced,04 — Differences,Observed mean difference in communication_score between placed and unplaced cohorts,"CALCULATE(AVERAGE(Students[communication_score]), Students[placed] = 1) - CALCULATE(AVERAGE(Students[communication_score]), Students[placed] = 0)",Students,"communication_score, placed",Placed vs Unplaced Cohorts,Dynamic under slicers,0.00,OBSERVED EVALUATION (NON-CAUSAL),VALIDATED,Student Analytics
Skill Count Difference Placed vs Unplaced,04 — Differences,Observed mean difference in technical_skill_count between placed and unplaced cohorts,"CALCULATE(AVERAGE(Students[technical_skill_count]), Students[placed] = 1) - CALCULATE(AVERAGE(Students[technical_skill_count]), Students[placed] = 0)",Students,"technical_skill_count, placed",Placed vs Unplaced Cohorts,Dynamic under slicers,0.00,OBSERVED EVALUATION (NON-CAUSAL),VALIDATED,Student Analytics
Average Technical Skill Count,05 — Skills,Mean technical skills owned out of 7,AVERAGE(Students[technical_skill_count]),Students,technical_skill_count,Whole Population,Dynamic under slicers,0.00,PREPARATION INPUT,VALIDATED,Command Center / Student Analytics
Average Skill Gap Count,05 — Skills,Mean missing technical skills out of 7,AVERAGE(Students[skill_gap_count]),Students,skill_gap_count,Whole Population,Dynamic under slicers,0.00,PREPARATION INPUT,VALIDATED,Student Analytics
Python Skill Holders,05 — Skills,Count of students possessing Python skill,"CALCULATE([Total Students], Students[python_skill] = 1)",Students,python_skill,Python Skill Holders,Dynamic under slicers,"#,##0",PREPARATION INPUT,VALIDATED,Student Analytics
Python Skill Prevalence,05 — Skills,Percentage of total students possessing Python skill,"DIVIDE([Python Skill Holders], [Total Students], 0)",Students,python_skill,Whole Population,Dynamic under slicers,0.00%,PREPARATION INPUT,VALIDATED,Command Center / Student Analytics
Python Skill Placement Rate,05 — Skills,Observed placement rate among students possessing Python skill,"DIVIDE(CALCULATE([Placed Students], Students[python_skill] = 1), [Python Skill Holders], 0)",Students,"python_skill, placed",Python Skill Holders,Dynamic under slicers,0.00%,OBSERVED EVALUATION (NON-CAUSAL),VALIDATED,Student Analytics
Python Skill Placement Spread,05 — Skills,Observed placement rate spread between Python holders and non-holders (percentage points),"[Python Skill Placement Rate] - DIVIDE(CALCULATE([Placed Students], Students[python_skill] = 0), CALCULATE([Total Students], Students[python_skill] = 0), 0)",Students,"python_skill, placed",Holders vs Non-Holders,Dynamic under slicers,+0.00%;-0.00%;0.00%,OBSERVED EVALUATION (NON-CAUSAL),VALIDATED,Command Center / Student Analytics
SQL Skill Holders,05 — Skills,Count of students possessing SQL skill,"CALCULATE([Total Students], Students[sql_skill] = 1)",Students,sql_skill,SQL Skill Holders,Dynamic under slicers,"#,##0",PREPARATION INPUT,VALIDATED,Student Analytics
SQL Skill Prevalence,05 — Skills,Percentage of total students possessing SQL skill,"DIVIDE([SQL Skill Holders], [Total Students], 0)",Students,sql_skill,Whole Population,Dynamic under slicers,0.00%,PREPARATION INPUT,VALIDATED,Command Center / Student Analytics
SQL Skill Placement Rate,05 — Skills,Observed placement rate among students possessing SQL skill,"DIVIDE(CALCULATE([Placed Students], Students[sql_skill] = 1), [SQL Skill Holders], 0)",Students,"sql_skill, placed",SQL Skill Holders,Dynamic under slicers,0.00%,OBSERVED EVALUATION (NON-CAUSAL),VALIDATED,Student Analytics
SQL Skill Placement Spread,05 — Skills,Observed placement rate spread between SQL holders and non-holders (percentage points),"[SQL Skill Placement Rate] - DIVIDE(CALCULATE([Placed Students], Students[sql_skill] = 0), CALCULATE([Total Students], Students[sql_skill] = 0), 0)",Students,"sql_skill, placed",Holders vs Non-Holders,Dynamic under slicers,+0.00%;-0.00%;0.00%,OBSERVED EVALUATION (NON-CAUSAL),VALIDATED,Command Center / Student Analytics
Excel Skill Holders,05 — Skills,Count of students possessing Excel skill,"CALCULATE([Total Students], Students[excel_skill] = 1)",Students,excel_skill,Excel Skill Holders,Dynamic under slicers,"#,##0",PREPARATION INPUT,VALIDATED,Student Analytics
Excel Skill Prevalence,05 — Skills,Percentage of total students possessing Excel skill,"DIVIDE([Excel Skill Holders], [Total Students], 0)",Students,excel_skill,Whole Population,Dynamic under slicers,0.00%,PREPARATION INPUT,VALIDATED,Command Center / Student Analytics
Excel Skill Placement Rate,05 — Skills,Observed placement rate among students possessing Excel skill,"DIVIDE(CALCULATE([Placed Students], Students[excel_skill] = 1), [Excel Skill Holders], 0)",Students,"excel_skill, placed",Excel Skill Holders,Dynamic under slicers,0.00%,OBSERVED EVALUATION (NON-CAUSAL),VALIDATED,Student Analytics
Excel Skill Placement Spread,05 — Skills,Observed placement rate spread between Excel holders and non-holders (percentage points),"[Excel Skill Placement Rate] - DIVIDE(CALCULATE([Placed Students], Students[excel_skill] = 0), CALCULATE([Total Students], Students[excel_skill] = 0), 0)",Students,"excel_skill, placed",Holders vs Non-Holders,Dynamic under slicers,+0.00%;-0.00%;0.00%,OBSERVED EVALUATION (NON-CAUSAL),VALIDATED,Command Center / Student Analytics
Power BI Skill Holders,05 — Skills,Count of students possessing Power BI skill,"CALCULATE([Total Students], Students[power_bi_skill] = 1)",Students,power_bi_skill,Power BI Skill Holders,Dynamic under slicers,"#,##0",PREPARATION INPUT,VALIDATED,Student Analytics
Power BI Skill Prevalence,05 — Skills,Percentage of total students possessing Power BI skill,"DIVIDE([Power BI Skill Holders], [Total Students], 0)",Students,power_bi_skill,Whole Population,Dynamic under slicers,0.00%,PREPARATION INPUT,VALIDATED,Command Center / Student Analytics
Power BI Skill Placement Rate,05 — Skills,Observed placement rate among students possessing Power BI skill,"DIVIDE(CALCULATE([Placed Students], Students[power_bi_skill] = 1), [Power BI Skill Holders], 0)",Students,"power_bi_skill, placed",Power BI Skill Holders,Dynamic under slicers,0.00%,OBSERVED EVALUATION (NON-CAUSAL),VALIDATED,Student Analytics
Power BI Skill Placement Spread,05 — Skills,Observed placement rate spread between Power BI holders and non-holders (percentage points),"[Power BI Skill Placement Rate] - DIVIDE(CALCULATE([Placed Students], Students[power_bi_skill] = 0), CALCULATE([Total Students], Students[power_bi_skill] = 0), 0)",Students,"power_bi_skill, placed",Holders vs Non-Holders,Dynamic under slicers,+0.00%;-0.00%;0.00%,OBSERVED EVALUATION (NON-CAUSAL),VALIDATED,Command Center / Student Analytics
DSA Skill Holders,05 — Skills,Count of students possessing DSA skill,"CALCULATE([Total Students], Students[dsa_skill] = 1)",Students,dsa_skill,DSA Skill Holders,Dynamic under slicers,"#,##0",PREPARATION INPUT,VALIDATED,Student Analytics
DSA Skill Prevalence,05 — Skills,Percentage of total students possessing DSA skill,"DIVIDE([DSA Skill Holders], [Total Students], 0)",Students,dsa_skill,Whole Population,Dynamic under slicers,0.00%,PREPARATION INPUT,VALIDATED,Command Center / Student Analytics
DSA Skill Placement Rate,05 — Skills,Observed placement rate among students possessing DSA skill,"DIVIDE(CALCULATE([Placed Students], Students[dsa_skill] = 1), [DSA Skill Holders], 0)",Students,"dsa_skill, placed",DSA Skill Holders,Dynamic under slicers,0.00%,OBSERVED EVALUATION (NON-CAUSAL),VALIDATED,Student Analytics
DSA Skill Placement Spread,05 — Skills,Observed placement rate spread between DSA holders and non-holders (percentage points),"[DSA Skill Placement Rate] - DIVIDE(CALCULATE([Placed Students], Students[dsa_skill] = 0), CALCULATE([Total Students], Students[dsa_skill] = 0), 0)",Students,"dsa_skill, placed",Holders vs Non-Holders,Dynamic under slicers,+0.00%;-0.00%;0.00%,OBSERVED EVALUATION (NON-CAUSAL),VALIDATED,Command Center / Student Analytics
Cloud Skill Holders,05 — Skills,Count of students possessing Cloud skill,"CALCULATE([Total Students], Students[cloud_skill] = 1)",Students,cloud_skill,Cloud Skill Holders,Dynamic under slicers,"#,##0",PREPARATION INPUT,VALIDATED,Student Analytics
Cloud Skill Prevalence,05 — Skills,Percentage of total students possessing Cloud skill,"DIVIDE([Cloud Skill Holders], [Total Students], 0)",Students,cloud_skill,Whole Population,Dynamic under slicers,0.00%,PREPARATION INPUT,VALIDATED,Command Center / Student Analytics
Cloud Skill Placement Rate,05 — Skills,Observed placement rate among students possessing Cloud skill,"DIVIDE(CALCULATE([Placed Students], Students[cloud_skill] = 1), [Cloud Skill Holders], 0)",Students,"cloud_skill, placed",Cloud Skill Holders,Dynamic under slicers,0.00%,OBSERVED EVALUATION (NON-CAUSAL),VALIDATED,Student Analytics
Cloud Skill Placement Spread,05 — Skills,Observed placement rate spread between Cloud holders and non-holders (percentage points),"[Cloud Skill Placement Rate] - DIVIDE(CALCULATE([Placed Students], Students[cloud_skill] = 0), CALCULATE([Total Students], Students[cloud_skill] = 0), 0)",Students,"cloud_skill, placed",Holders vs Non-Holders,Dynamic under slicers,+0.00%;-0.00%;0.00%,OBSERVED EVALUATION (NON-CAUSAL),VALIDATED,Command Center / Student Analytics
Cybersecurity Skill Holders,05 — Skills,Count of students possessing Cybersecurity skill,"CALCULATE([Total Students], Students[cybersecurity_skill] = 1)",Students,cybersecurity_skill,Cybersecurity Skill Holders,Dynamic under slicers,"#,##0",PREPARATION INPUT,VALIDATED,Student Analytics
Cybersecurity Skill Prevalence,05 — Skills,Percentage of total students possessing Cybersecurity skill,"DIVIDE([Cybersecurity Skill Holders], [Total Students], 0)",Students,cybersecurity_skill,Whole Population,Dynamic under slicers,0.00%,PREPARATION INPUT,VALIDATED,Command Center / Student Analytics
Cybersecurity Skill Placement Rate,05 — Skills,Observed placement rate among students possessing Cybersecurity skill,"DIVIDE(CALCULATE([Placed Students], Students[cybersecurity_skill] = 1), [Cybersecurity Skill Holders], 0)",Students,"cybersecurity_skill, placed",Cybersecurity Skill Holders,Dynamic under slicers,0.00%,OBSERVED EVALUATION (NON-CAUSAL),VALIDATED,Student Analytics
Cybersecurity Skill Placement Spread,05 — Skills,Observed placement rate spread between Cybersecurity holders and non-holders (percentage points),"[Cybersecurity Skill Placement Rate] - DIVIDE(CALCULATE([Placed Students], Students[cybersecurity_skill] = 0), CALCULATE([Total Students], Students[cybersecurity_skill] = 0), 0)",Students,"cybersecurity_skill, placed",Holders vs Non-Holders,Dynamic under slicers,+0.00%;-0.00%;0.00%,OBSERVED EVALUATION (NON-CAUSAL),VALIDATED,Command Center / Student Analytics
Average Package,06 — Compensation,Mean salary package (LPA) for placed students,AVERAGE(Students[package_lpa]),Students,package_lpa,Placed Students Only (N=950),Ignores unplaced NULLs naturally,"0.00 ""LPA""",COMPENSATION OUTCOME (POST-ANALYSIS ONLY),VALIDATED,Command Center / Company Intelligence / Reports
Median Package,06 — Compensation,Median salary package (LPA) for placed students,MEDIAN(Students[package_lpa]),Students,package_lpa,Placed Students Only (N=950),Ignores unplaced NULLs naturally,"0.00 ""LPA""",COMPENSATION OUTCOME (POST-ANALYSIS ONLY),VALIDATED,Command Center / Company Intelligence / Reports
Average PRI,07 — Readiness,Mean Placement Readiness Index composite score,AVERAGE(Students[pri_score]),Students,pri_score,Whole Population,Dynamic under slicers,0.00,READINESS CONSTRUCT (0 LEAKAGE),VALIDATED,Command Center / Student Analytics / Reports
Median PRI,07 — Readiness,Median Placement Readiness Index composite score,MEDIAN(Students[pri_score]),Students,pri_score,Whole Population,Dynamic under slicers,0.00,READINESS CONSTRUCT (0 LEAKAGE),VALIDATED,Command Center / Student Analytics / Reports
High Readiness Count,07 — Readiness,Count of students classified as High Readiness,"CALCULATE([Total Students], Students[readiness_category] = ""High Readiness"")",Students,readiness_category,High Readiness Tier,Dynamic under slicers,"#,##0",READINESS CONSTRUCT (0 LEAKAGE),VALIDATED,Command Center / Student Analytics
Moderate Readiness Count,07 — Readiness,Count of students classified as Moderate Readiness,"CALCULATE([Total Students], Students[readiness_category] = ""Moderate Readiness"")",Students,readiness_category,Moderate Readiness Tier,Dynamic under slicers,"#,##0",READINESS CONSTRUCT (0 LEAKAGE),VALIDATED,Command Center / Student Analytics
Needs Improvement Count,07 — Readiness,Count of students classified as Needs Improvement,"CALCULATE([Total Students], Students[readiness_category] = ""Needs Improvement"")",Students,readiness_category,Needs Improvement Tier,Dynamic under slicers,"#,##0",READINESS CONSTRUCT (0 LEAKAGE),VALIDATED,Command Center / Student Analytics
High Improvement Priority Count,07 — Readiness,Count of students classified as High Improvement Priority,"CALCULATE([Total Students], Students[readiness_category] = ""High Improvement Priority"")",Students,readiness_category,High Improvement Priority Tier,Dynamic under slicers,"#,##0",READINESS CONSTRUCT (0 LEAKAGE),VALIDATED,Command Center / Student Analytics
Comprehensive High Performers Count,08 — Segmentation,Count of students in preparation quadrant Comprehensive High Performers,"CALCULATE([Total Students], Students[preparation_segment] = ""Comprehensive High Performers"")",Students,preparation_segment,Comprehensive High Performers Quadrant,Dynamic under slicers,"#,##0",PREPARATION SEGMENT (0 LEAKAGE),VALIDATED,Student Analytics
Technical Specialists Count,08 — Segmentation,Count of students in preparation quadrant Technical Specialists,"CALCULATE([Total Students], Students[preparation_segment] = ""Technical Specialists"")",Students,preparation_segment,Technical Specialists Quadrant,Dynamic under slicers,"#,##0",PREPARATION SEGMENT (0 LEAKAGE),VALIDATED,Student Analytics
Academic Generalists Count,08 — Segmentation,Count of students in preparation quadrant Academic Generalists,"CALCULATE([Total Students], Students[preparation_segment] = ""Academic Generalists"")",Students,preparation_segment,Academic Generalists Quadrant,Dynamic under slicers,"#,##0",PREPARATION SEGMENT (0 LEAKAGE),VALIDATED,Student Analytics
High Support Priority Count,08 — Segmentation,Count of students in preparation quadrant High Support Priority,"CALCULATE([Total Students], Students[preparation_segment] = ""High Support Priority"")",Students,preparation_segment,High Support Priority Quadrant,Dynamic under slicers,"#,##0",PREPARATION SEGMENT (0 LEAKAGE),VALIDATED,Student Analytics
