insight_id,display_title,insight_category,source_phase,source_output,population,metric,comparison,display_type,dynamic_or_static,limitation,validation_status
INS-PLACEMENT-001,Overall Placement Population Baseline,INS-PLACEMENT,Phase 4 Part 2,outputs/insights/02_insight_register.csv,"All Students (N=1,500)","Placement Rate: 63.33% (950 / 1,500)",Placed (950) vs Unplaced (550),PL-InsightCard,Static Baseline,Observational benchmark across synthetic population.,PASS
INS-BRANCH-001,Branch Placement Rate Disparity,INS-BRANCH,Phase 4 Part 2,outputs/insights/02_insight_register.csv,"All Students by Branch (N=1,500)",Civil (68.57%) vs Mechanical (56.44%),12.13 percentage-point spread across branches,PL-InsightCard,Static Baseline / Dynamic Slicer Filtered,Observational branch association; does not imply curriculum causation.,PASS
INS-SKILL-001,SQL Technical Skill Placement Spread,INS-SKILL,Phase 4 Part 2,outputs/insights/02_insight_register.csv,"SQL Skill Holders (N=1,169) vs Non-Holders (N=331)",Placement Rate Spread: +9.16 pp (65.36% vs 56.19%),SQL Holders (+9.16 pp higher observed placement),PL-InsightCard,Static Baseline,Highest technical skill placement spread in cohort; observational association.,PASS
INS-SKILL-002,Python Technical Skill Placement Spread,INS-SKILL,Phase 4 Part 2,outputs/insights/02_insight_register.csv,"Python Skill Holders (N=1,177) vs Non-Holders (N=323)",Placement Rate Spread: +6.93 pp (64.83% vs 57.89%),Python Holders (+6.93 pp higher observed placement),PL-InsightCard,Static Baseline,High prevalence skill (78.47%); observational association.,PASS
INS-SKILL-003,Cloud Computing Skill Placement Spread,INS-SKILL,Phase 4 Part 2,outputs/insights/02_insight_register.csv,"Cloud Skill Holders (N=485) vs Non-Holders (N=1,015)",Placement Rate Spread: +6.04 pp (67.42% vs 61.38%),Cloud Holders (+6.04 pp higher observed placement),PL-InsightCard,Static Baseline,Specialized skill with 32.33% prevalence; observational association.,PASS
INS-SKILL-005,Technical Skill Breadth & Placement Association,INS-SKILL,Phase 4 Part 2,outputs/insights/02_insight_register.csv,"All Students by Skill Count (N=1,500)",6 Skills Placement Rate (70.72%) vs 2 Skills (47.54%),+23.18 percentage-point spread across skill breadth,PL-InsightCard,Static Baseline,"Extreme skill counts (0 skills N=2, 7 skills N=33) have small subgroup sizes.",PASS
INS-PREPARATION-001,Coding Score Performance Band Leverage,INS-PREPARATION,Phase 4 Part 2,outputs/insights/02_insight_register.csv,"High Coding Band (90-100, N=126) vs Low Coding Band (<50, N=43)",Placement Rate Spread: +42.95 pp (80.16% vs 37.21%),High Coding Band (+42.95 pp higher observed placement),PL-InsightCard,Static Baseline,Low coding band <50 has small sample size N=43. Observational associative pattern.,PASS
INS-READINESS-001,Placement Readiness Index Cohort Mean & Distribution,INS-READINESS,Phase 4 Part 5,outputs/readiness/01_student_pri.csv,"All Students (N=1,500)",Cohort Mean PRI: 65.59 (Range: 31.48 to 91.90),Moderate Readiness (57.47%) dominates cohort,PL-InsightCard,Static Baseline,"PRI is a preparation indicator, not a prediction of placement.",PASS
INS-READINESS-002,Readiness Tier Placement Rate Monotonicity,INS-READINESS,Phase 4 Part 5,outputs/readiness/01_student_pri.csv,"All Students by Readiness Tier (N=1,500)",High Readiness (84.15%) -> Moderate (66.71%) -> Needs Imp (55.00%),Monotonic placement rate progression across tiers,PL-InsightCard,Static Baseline,High Improvement Priority tier has small sample size N=16 (56.25% placed).,PASS
