insight_id,category,question,population,population_n,comparison,variables,metric,method,numerator,denominator,value,comparison_value,difference,difference_type,direction,strength,evidence_source,interpretation,limitation,potential_action,validation_status
INS-PLACEMENT-001,INS-PLACEMENT,"What is the overall baseline placement rate across the 1,500 student population?","All Students (N=1,500)",1500,Placed vs Unplaced Cohorts,placed,Placement Rate (%),Global Population Proportion,950,1500,63.33,36.67,26.66,Percentage-Point Difference,Positive Baseline,STRONG,outputs/sql/01_bq01_overall_placement.csv & outputs/eda/06_placement_analysis.csv,"Across the 1,500 students in the dataset, 950 students are placed, establishing a baseline cohort placement rate of 63.33% (unplaced rate of 36.67%).","Synthetic, observational, cross-sectional dataset. Reflects generator baseline parameter.",Provides benchmark baseline against which all subgroup placement rates and intervention targets are evaluated.,PASS
INS-PLACEMENT-002,INS-PLACEMENT,How do core academic and preparation score means differ between placed and unplaced cohorts?,"All Students (N=1,500)",1500,Placed Cohort (N=950) vs Unplaced Cohort (N=550),"coding_score, aptitude_score, cgpa, communication_score",Group Mean Difference (Score Points / CGPA),Grouped Mean Comparison,950,1500,78.36,72.95,5.41,Score Point Spread (Coding),Positive Association,STRONG,outputs/sql/17_bq17_placed_vs_unplaced.csv & outputs/phase3/06_phase3_baseline.md,"Placed students exhibit higher mean coding scores (78.36 vs 72.95, +5.41 pts), higher aptitude scores (75.40 vs 70.21, +5.19 pts), and higher CGPA (7.81 vs 7.22, +0.59 pts) compared to unplaced students.",Observational data co-occurrence. Score differentials do not establish temporal or causal pathways.,Targeted remedial support in coding and aptitude may assist students in lower score bands.,PASS
INS-BRANCH-001,INS-BRANCH,How do observed placement rates vary across the six academic branches?,Branch Cohorts (N=105 to N=450),1500,Civil Engineering (CE) vs Mechanical Engineering (ME),"branch, placed",Branch Placement Rate (%),Grouped Proportion Hierarchy,72,105,68.57,55.83,12.74,Percentage-Point Spread,Branch Disparity,MODERATE,outputs/sql/02_bq02_branch_placement.csv & outputs/eda/05_branch_analysis.csv,"Civil Engineering (CE) exhibits the highest placement rate at 68.57% (72/105), followed by EEE (66.00%), IT (65.07%), CSE (63.78%), ECE (60.33%), and Mechanical Engineering (ME) at 55.83% (67/120), representing a 12.74 pp spread.",Sample size varies significantly across branches (CSE N=450 vs CE N=105). Observational non-causal association.,Investigate branch-specific skill alignment and recruiter drive patterns for ME and ECE.,PASS
INS-BRANCH-002,INS-BRANCH,What is the impact of subgroup sample size variance across branches on analytical reliability?,Branch Subgroups (N=105 to N=450),1500,"Small Subgroups (CE N=105, ME N=120) vs Large Subgroups (CSE N=450, IT N=375)",branch,Subgroup Sample Size (N),Sample Size Constraint Evaluation,105,1500,7.0,30.0,23.0,Percentage Share,Heterogeneous Group Sizes,DESCRIPTIVE,outputs/sql/02_bq02_branch_placement.csv,"CSE and IT comprise 55.0% of the student population (825/1,500), whereas CE (N=105) and ME (N=120) represent smaller cohorts. All branches meet the N >= 30 sample threshold.",Branch rate comparisons must account for group size variance; higher variance is present in smaller branch samples.,Flag branch subgroup sizes explicitly in executive reporting to contextualize rate rankings.,PASS
INS-SKILL-001,INS-SKILL,What is the observed placement rate spread associated with SQL skill possession?,"All Students (N=1,500)",1500,"SQL Holders (N=1,169) vs SQL Non-Holders (N=331)","sql_skill, placed",Placement Spread (pp),Grouped Proportion Spread,764,1169,65.36,56.19,9.17,Percentage-Point Spread,Positive Association,STRONG,outputs/sql/11_bq11_skill_spread.csv & outputs/eda/09_skill_placement_analysis.csv,"Students possessing SQL skill exhibit a placement rate of 65.36% (764/1,169) compared to 56.19% (186/331) for non-holders, establishing a +9.17 percentage-point higher observed placement rate.",Observational data. SQL skill possession may co-occur with higher overall preparation or project counts.,SQL represents a high-value skill candidate for institutional technical bootcamps.,PASS
INS-SKILL-002,INS-SKILL,What is the observed placement rate spread associated with Python skill possession?,"All Students (N=1,500)",1500,"Python Holders (N=1,177) vs Python Non-Holders (N=323)","python_skill, placed",Placement Spread (pp),Grouped Proportion Spread,763,1177,64.83,57.89,6.94,Percentage-Point Spread,Positive Association,STRONG,outputs/sql/11_bq11_skill_spread.csv & outputs/eda/09_skill_placement_analysis.csv,"Students with Python skill achieve a placement rate of 64.83% (763/1,177) vs 57.89% (187/323) for non-holders, representing a +6.94 percentage-point higher observed placement rate.",Observational co-occurrence. Does not prove Python skill independently causes hiring.,Include Python programming as a core foundational technical module across all branches.,PASS
INS-SKILL-003,INS-SKILL,What is the observed placement spread associated with Cloud Computing skill possession?,"All Students (N=1,500)",1500,"Cloud Holders (N=485) vs Cloud Non-Holders (N=1,015)","cloud_skill, placed",Placement Spread (pp),Grouped Proportion Spread,327,485,67.42,61.38,6.04,Percentage-Point Spread,Positive Association,MODERATE,outputs/sql/11_bq11_skill_spread.csv & outputs/eda/09_skill_placement_analysis.csv,"Cloud Computing skill holders (prevalence 32.33%, N=485) demonstrate a placement rate of 67.42% vs 61.38% for non-holders (N=1,015), representing a +6.04 percentage-point spread.",Lower prevalence skill (32.33%); sample size N=485. Observational non-causal pattern.,Expand cloud computing elective availability to address the 67.67% student absence gap.,PASS
INS-SKILL-004,INS-SKILL,What is the observed placement spread for Cybersecurity skill possession?,"All Students (N=1,500)",1500,"Cybersecurity Holders (N=297) vs Non-Holders (N=1,203)","cybersecurity_skill, placed",Placement Spread (pp),Grouped Proportion Spread,181,297,60.94,63.92,-2.98,Percentage-Point Spread,Negative / Inverse Association,MODERATE,outputs/sql/11_bq11_skill_spread.csv & outputs/eda/09_skill_placement_analysis.csv,"Cybersecurity skill holders exhibit a placement rate of 60.94% (181/297) compared to 63.92% (769/1,203) for non-holders, showing a -2.98 percentage-point inverse spread in this dataset.",Subgroup N=297 (19.80% prevalence). Inverse association may reflect non-technical branch distribution.,Avoid assuming all technical skills uniformly increase general campus placement rates.,PASS
INS-SKILL-005,INS-SKILL,How does technical skill count breadth relate to observed placement rates?,"All Students (N=1,500)",1500,Skill Count = 6 (N=181) vs Skill Count = 2 (N=122),"technical_skill_count, placed",Placement Rate by Skill Count (%),Bivariate Ordinal Frequency Analysis,128,181,70.72,47.54,23.18,Percentage-Point Spread,Positive Monotonic Pattern,STRONG,outputs/sql/12_bq12_skill_count_placement.csv & outputs/phase3/06_phase3_baseline.md,Students with 6 technical skills achieve a 70.72% placement rate (128/181) vs 47.54% (58/122) for students with 2 skills. Placed cohort median is 4.0 skills vs 3.0 for unplaced.,"Extreme skill counts (0 skills N=2, 7 skills N=33) have small subgroup sample sizes.",Encourage students to build a broad portfolio of at least 4 core technical skills.,PASS
INS-ACADEMIC-001,INS-ACADEMIC,How do observed placement rates vary across CGPA academic performance bands?,"All Students (N=1,500)",1500,"High CGPA Band (9.0-10.0, N=109) vs Low CGPA Band (<6.0, N=160)","cgpa, placed",Placement Rate by Band (%),Categorical Banding Comparison,81,109,74.31,58.75,15.56,Percentage-Point Spread,Positive Academic Gradient,STRONG,outputs/sql/03_bq03_cgpa_placement.csv,"Placement rates rise monotonically across CGPA bands: <6.0 (58.75%), 6.0-6.99 (56.94%), 7.0-7.99 (61.69%), 8.0-8.99 (73.23%), and 9.0-10.0 (74.31%), establishing a 15.56 pp spread.",Observational association. High CGPA may co-occur with higher aptitude or preparation discipline.,Maintain academic eligibility initiatives for students with CGPA < 7.0 to cross screening cutoffs.,PASS
INS-ACADEMIC-002,INS-ACADEMIC,What is the statistical association between CGPA score and placement status?,"All Students (N=1,500)",1500,Placed Mean CGPA (7.81) vs Unplaced Mean CGPA (7.22),"cgpa, placed",Point-Biserial Correlation & Mean Difference,Point-Biserial Correlation (r_pb),950,1500,7.81,7.22,0.59,Mean CGPA Spread (pts),Positive Linear Association,STRONG,outputs/eda/12_correlation_matrix.csv & outputs/sql/17_bq17_placed_vs_unplaced.csv,CGPA exhibits a positive point-biserial correlation with placement status (r_pb = 0.284). Placed students average 7.81 CGPA vs 7.22 for unplaced students (+0.59 pts).,"Correlation measures linear association, not causation or guaranteed recruitment outcome.",Academic support programs should prioritize student progress to maintain CGPA above 7.50.,PASS
INS-PREPARATION-001,INS-PREPARATION,What is the observed placement spread across coding score performance bands?,"All Students (N=1,500)",1500,"High Coding Band (90-100, N=126) vs Low Coding Band (<50, N=43)","coding_score, placed",Placement Rate by Coding Band (%),Categorical Banding Comparison,101,126,80.16,37.21,42.95,Percentage-Point Spread,Strong Positive Trend,STRONG,outputs/sql/04_bq04_coding_placement.csv,"Placement rate increases dramatically from 37.21% (16/43) for coding scores <50 to 80.16% (101/126) for coding scores 90-100, representing a +42.95 percentage-point spread.",Low coding band <50 has small sample size N=43. Observational associative pattern.,Coding score improvement represents one of the highest leverage intervention areas.,PASS
INS-PREPARATION-002,INS-PREPARATION,How do aptitude scores associate with placement rate differences?,"All Students (N=1,500)",1500,"Top Aptitude Band (90-100, N=105) vs Mid Band (50-64, N=370)","aptitude_score, placed",Placement Rate by Aptitude Band (%),Categorical Banding Comparison,80,105,76.19,53.78,22.41,Percentage-Point Spread,Positive Trend,STRONG,outputs/sql/05_bq05_aptitude_placement.csv,"Students scoring 90-100 in aptitude show a 76.19% placement rate (80/105) compared to 53.78% (199/370) for the 50-64 band, demonstrating a +22.41 percentage-point spread.",Observational data. Aptitude scores serve as screening filters in preliminary recruitment rounds.,Conduct aptitude assessment practice modules to elevate student scores above the 70.0 threshold.,PASS
INS-PREPARATION-003,INS-PREPARATION,What is the association between practical project count and placement rate?,"All Students (N=1,500)",1500,4 Projects (N=105) vs 1 Project (N=383),"projects_count, placed",Placement Rate by Project Count (%),Grouped Frequency Comparison,77,105,73.33,58.75,14.58,Percentage-Point Spread,Positive Association,MODERATE,outputs/sql/07_bq07_projects_placement.csv,Students with 4 projects show a 73.33% placement rate (77/105) vs 58.75% (225/383) for 1 project. High project counts (9-10) have very small sample sizes (N=2 to N=4).,Extreme project counts (>6) suffer from small subgroup sizes and should be interpreted cautiously.,Target a benchmark of 2 to 4 practical domain projects per student.,PASS
INS-PREPARATION-004,INS-PREPARATION,How does industry internship experience associate with student placement rates?,"All Students (N=1,500)",1500,2 Internships (N=238) vs 0 Internships (N=669),"internships_count, placed",Placement Rate by Internship Count (%),Grouped Frequency Comparison,174,238,73.11,60.39,12.72,Percentage-Point Spread,Positive Association,MODERATE,outputs/sql/08_bq08_internships_placement.csv,"Students completing 2 internships achieve a 73.11% placement rate (174/238) compared to 60.39% (404/669) for students with 0 internships, establishing a +12.72 pp spread.",Observational data. Internship completion may reflect prior student initiative or network access.,Facilitate industry internship opportunities to ensure students complete at least 1-2 internships.,PASS
INS-COMPENSATION-001,INS-COMPENSATION,How does compensation (package LPA) vary across recruiting company types among placed students?,Placed Cohort Only (N=950),950,Product Companies (N=304) vs Service Companies (N=381),"package_lpa, company_type, placed",Mean Package (LPA),Post-Placement Grouped Mean & Median Analysis,304,950,16.26,5.9,10.36,Mean Package Spread (LPA),Strong Employer Tier Stratification,STRONG,outputs/sql/15_bq15_package_by_company.csv & outputs/eda/11_package_analysis.csv,"Among placed students (N=950), Product companies offer a mean package of 16.26 LPA (median 15.58 LPA, N=304) vs Service companies at 5.90 LPA (median 6.03 LPA, N=381), representing a 2.76x premium.",Evaluated strictly on placed cohort N=950. Post-placement outcome variable; forbidden from PRI input.,Align advanced technical training for high-performing students toward Product tier recruitment.,PASS
INS-COMPENSATION-002,INS-COMPENSATION,What are the overall compensation distribution characteristics for placed students?,Placed Cohort Only (N=950),950,Overall Placed Cohort Distribution,"package_lpa, placed","Mean, Median, IQR Package (LPA)",Distributional Summary Statistics,950,950,10.62,9.7,8.22,IQR Package Spread (LPA),Right-Skewed Distribution,STRONG,outputs/eda/11_package_analysis.csv & outputs/sql/13_bq13_package_distribution.csv,"The placed cohort (N=950) achieves a mean package of 10.62 LPA, a median of 9.70 LPA, an IQR of 8.22 LPA (Q1=6.06, Q3=14.28), with packages ranging from 3.29 LPA to 48.00 LPA.",Unplaced students (N=550) have NULL package values. Package is not an independent predictor of placement.,Use median (9.70 LPA) as the primary baseline descriptor due to right-skewness caused by high Product offers.,PASS
INS-READINESS-001,INS-READINESS,What is the status of student-level Placement Readiness Index (PRI) results in Phase 4 Part 2?,"All Students (N=1,500)",1500,Deferred to P4-P5 per P4-P1 Strategy Freeze Rules,"pri_score, readiness_category",Status Indicator,P4-P1 Specification Scope Boundary Compliance Check,0,1500,0.0,0.0,0.0,Not Applicable,Deferred Execution,DESCRIPTIVE,docs/placement_readiness_framework.md & 00_project_blueprint/49_phase_4_part_1_completion_report.md,NOT YET AVAILABLE / DEFERRED. The Placement Readiness Index (PRI) specification was frozen in P4-P1. PRI calculation and student readiness tiering are strictly scheduled for P4-P5 to prevent methodological bias.,No PRI student scores exist in P4-P2.,"Proceed to P4-P3 for skill gap & segmentation, followed by P4-P4/P4-P5 for PRI score execution.",PASS
