Category,Check,Status,Evidence
DATA,Raw data intact,PASS,MD5 59c04ee15a0112806c510225d8e75779 verified
DATA,Clean data intact,PASS,MD5 96023d297eec5a9a47563eaddc157d0d verified
DATA,Hashes verified,PASS,Python hashlib test PASS
DATA,1500 records,PASS,1,500 unique student IDs verified
DATA,20 canonical columns,PASS,20 columns present
ANALYTICS,Phase 3 baseline intact,PASS,950 Placed (63.33%) Mean Pkg 10.62 LPA verified
ANALYTICS,SQL intact,PASS,sql/01_schema.sql and sql/02_analytics.sql verified
ANALYTICS,Python analytics intact,PASS,scripts/eda_analysis.py verified
ANALYTICS,Cross-validation intact,PASS,Python vs SQL 100% reconciled
INSIGHTS,12 insights intact,PASS,INS-01 to INS-12 mapped
INSIGHTS,Skill gaps intact,PASS,SQL (+9.17 pp) Python (+6.94 pp) Cloud (+6.04 pp)
INSIGHTS,Segmentation intact,PASS,4 preparation quadrants SEG-Q1 to SEG-Q4 verified
INSIGHTS,PRI intact,PASS,25% T + 20% A + 15% C + 15% P + 15% I + 10% M
INSIGHTS,No leakage,PASS,0% target outcome leakage verified
DASHBOARD,Four pages,PASS,01 Command Center, 02 Student, 03 Company, 04 Reports
DASHBOARD,KPIs,PASS,NumberTicker animated KPIs
DASHBOARD,Filters,PASS,Synchronized global slicers
DASHBOARD,Navigation,PASS,Persistent 4-link left sidebar
DASHBOARD,Interactions,PASS,Visual cross-filtering & reset bookmarks
DASHBOARD,Reports,PASS,Validated findings & limitations panels
DASHBOARD,Tooltips,PASS,Custom contextual tooltips
WEB,React/Vite,PASS,React 18 + Vite v8.3.0
WEB,Data integration,PASS,placementData.json asset integrated
WEB,Magic UI,PASS,BorderBeam, NumberTicker, BentoGrid, Particles, Marquee, ShimmerButton
WEB,Production build,PASS,dashboard/dist/ compiled in 2.45s
WEB,Local server,PASS,Active preview server serving http://localhost:5173/
PHASE 6,Validation runner,PASS,validate_phase5_dashboard.py (25/25 PASS)
PHASE 6,Data exporter,PASS,export_dashboard_data.py
PHASE 6,Production build,PASS,dashboard/dist/
PHASE 6,README,PASS,README.md updated with full portfolio showcase
PHASE 6,Handoff specification,PASS,docs/power_bi_final_qa_handoff.md
PHASE 6,Completion report,PASS,00_project_blueprint/65_phase_6_completion_report.md
SECURITY,No secrets,PASS,0 committed credentials or exposed keys
SECURITY,No credentials,PASS,0 hardcoded passwords
SECURITY,No unsafe endpoints,PASS,0 malicious external endpoints
REPRODUCIBILITY,Dependencies,PASS,requirements.txt & package.json verified
REPRODUCIBILITY,Build,PASS,npm run build exits with code 0
REPRODUCIBILITY,Validation,PASS,validate_phase5_dashboard.py exits with code 0
REPRODUCIBILITY,Run instructions,PASS,Quick start guide in README.md verified
DOCUMENTATION,README accurate,PASS,README.md verified
DOCUMENTATION,Handoff accurate,PASS,power_bi_final_qa_handoff.md verified
DOCUMENTATION,Completion report accurate,PASS,65_phase_6_completion_report.md verified
DOCUMENTATION,Change log consistent,PASS,29_change_log.md updated through Phase 6
